<?xml version="1.0" encoding="UTF-8"?>
<project-private xmlns="http://www.netbeans.org/ns/project-private/1">
    <editor-bookmarks xmlns="http://www.netbeans.org/ns/editor-bookmarks/2" lastBookmarkId="0"/>
    <open-files xmlns="http://www.netbeans.org/ns/projectui-open-files/2">
        <group>
            <file>file:/C:/Users/emanu/Documents/NetBeansProjects/EditorDeTexto/src/Edd/Listas.java</file>
            <file>file:/C:/Users/emanu/Documents/NetBeansProjects/EditorDeTexto/src/Ventanas/Editor.java</file>
            <file>file:/C:/Users/emanu/Documents/NetBeansProjects/EditorDeTexto/src/Edd/Nodo.java</file>
            <file>file:/C:/Users/emanu/Documents/NetBeansProjects/EditorDeTexto/src/Edd/prbListaDLC.java</file>
            <file>file:/C:/Users/emanu/Documents/NetBeansProjects/EditorDeTexto/src/Edd/Multilistas.java</file>
        </group>
    </open-files>
</project-private>
